INSERT INTO jobrole (id,jobrole_name,deleted) VALUES
(01,'Operations Executive',FALSE),
(02,'Business Analyst',FALSE),
(03,'CEO',FALSE),
(04,'COO',FALSE),
(05,'Software Engineering',FALSE),
(06,'Product Manager',FALSE),
(07,'Accountant',FALSE),
(08,'Talent Acquisition',FALSE),
(09,'Business Admin',FALSE),
(10,'PR Executive',FALSE),
(11,'Marketing Executive',FALSE),
(12,'Sales Executive',TRUE),
(13,'Customer Service',FALSE),
(14,'CTO',FALSE),
(15,'Cybersecurity',FALSE),
(16,'Operations Director',FALSE),
(17,'Development Director',FALSE),
(18,'HR Director',FALSE),
(19,'Software Architect',FALSE),
(20,'Finance Officer',FALSE)
;

INSERT INTO skill (id,skill_name,deleted) VALUES
(1,'Web Design',FALSE),
(2,'Marketing',FALSE),
(3,'Data Analysis',FALSE),
(4,'Accounting',FALSE),
(5,'Statistics',FALSE),
(6,'Talent Development',FALSE),
(7,'Communication',FALSE),
(8,'Project Planning',FALSE),
(9,'Administration',TRUE),
(10,'Programming',FALSE),
(11,'Cyber Security',FALSE),
(12,'Risk Anlaysis',FALSE),
(13,'Operations',FALSE),
(14,'Business Development',FALSE),
(15,'Leadership',FALSE),
(16,'Manual documentation',TRUE),
(17,'Paper filing',TRUE),
(18,'Agility',FALSE)
;

INSERT INTO learningjourney (id,staff_id,jobrole_id) VALUES
(206,140001,11),
(207,140001,03),
(208,140001,07),
(209,150115,15),
(210,150115,01),
(211,150935,08);

INSERT INTO course_learningjourney (learningjourney_id,course_id) VALUES
(206,'SAL003'),
(206,'MGT004'),
(206,'FIN001'),
(207,'MGT004'),
(208,'FIN002'),
(209,'tch015'),
(210,'tch019'),
(211,'FIN001')
;


INSERT INTO course_skill (skill_id,course_id) VALUES
(1,'COR001'),
(1,'tch012'),
(2,'SAL003'),
(3,'FIN001'),
(4,'FIN002'),
(5,'FIN001'),
(6,'HRD001'),
(6,'MGT001'),
(7,'MGT004'),
(8,'tch018'),
(8,'tch019'),
(9,'MGT004'),
(9,'MGT001'),
(10,'tch012'),
(10,'COR001'),
(11,'tch008'),
(11,'tch012'),
(11,'tch013'),
(11,'tch015'),
(11,'tch014'),
(12,'FIN002'),
(12,'FIN001'),
(13,'COR002'),
(13,'tch019'),
(13,'tch005'),
(14,'tch019'),
(14,'tch005'),
(14,'SAL003'),
(14,'SAL004'),
(15,'HRD001'),
(15,'MGT001'),
(15,'MGT004')
;

INSERT INTO jobrole_skill (jobrole_id,skill_id) VALUES
(01,08),
(01,05),
(01,13),
(01,14),
(02,03),
(02,05),
(02,12),
(03,09),
(03,15),
(03,14),
(04,08),
(04,05),
(04,15),
(04,13),
(05,10),
(05,11),
(06,08),
(06,07),
(06,15),
(07,04),
(08,06),
(08,07),
(09,09),
(09,13),
(10,07),
(10,02),
(11,02),
(11,07),
(11,05),
(13,07),
(13,13),
(13,09),
(14,11),
(14,12),
(14,15),
(15,11),
(15,12),
(16,15),
(16,08),
(16,13),
(17,14),
(17,15),
(17,07),
(18,06),
(18,07),
(18,15),
(18,09),
(19,10),
(19,11),
(20,04),
(20,12),
(20,07)
;